<?xml version='1.0' encoding='UTF-8'?>
<?artifactRepository version='1.1.0'?>
<repository name='download cache' type='org.eclipse.equinox.p2.artifact.repository.simpleRepository' version='1.0.0'>
  <properties size='2'>
    <property name='p2.system' value='true'/>
    <property name='p2.timestamp' value='1370025695364'/>
  </properties>
  <mappings size='3'>
    <rule filter='(&amp; (classifier=osgi.bundle))' output='${repoUrl}/plugins/${id}_${version}.jar'/>
    <rule filter='(&amp; (classifier=binary))' output='${repoUrl}/binary/${id}_${version}'/>
    <rule filter='(&amp; (classifier=org.eclipse.update.feature))' output='${repoUrl}/features/${id}_${version}.jar'/>
  </mappings>
  <artifacts size='1'>
    <artifact classifier='binary' id='br.ufpe.cin.reviewer.ui.rcp.reviewer_root.cocoa.macosx.x86_64' version='3.6.0.v20121119-201001-7P7OG2BFLWUl7UnqBnO8V4Of'>
      <properties size='1'>
        <property name='download.size' value='11229'/>
      </properties>
    </artifact>
  </artifacts>
</repository>
