<?xml version='1.0' encoding='UTF-8'?>
<?artifactRepository version='1.1.0'?>
<repository name='Bundle pool' type='org.eclipse.equinox.p2.artifact.repository.simpleRepository' version='1'>
  <properties size='2'>
    <property name='p2.system' value='true'/>
    <property name='p2.timestamp' value='1370025753848'/>
  </properties>
  <mappings size='3'>
    <rule filter='(&amp; (classifier=osgi.bundle))' output='${repoUrl}/plugins/${id}_${version}.jar'/>
    <rule filter='(&amp; (classifier=binary))' output='${repoUrl}/binary/${id}_${version}'/>
    <rule filter='(&amp; (classifier=org.eclipse.update.feature))' output='${repoUrl}/features/${id}_${version}.jar'/>
  </mappings>
  <artifacts size='88'>
    <artifact classifier='osgi.bundle' id='org.eclipse.equinox.common' version='3.6.100.v20120522-1841'>
      <properties size='1'>
        <property name='download.size' value='106765'/>
      </properties>
    </artifact>
    <artifact classifier='osgi.bundle' id='org.eclipse.equinox.app' version='1.3.100.v20120522-1841'>
      <properties size='1'>
        <property name='download.size' value='86390'/>
      </properties>
    </artifact>
    <artifact classifier='osgi.bundle' id='br.ufpe.cin.reviewer.searchprovider.springerlink' version='0.1.0'>
      <properties size='1'>
        <property name='download.size' value='9560620'/>
      </properties>
    </artifact>
    <artifact classifier='osgi.bundle' id='org.eclipse.e4.ui.workbench' version='0.11.0.v20130125-100758'>
      <properties size='1'>
        <property name='download.size' value='236292'/>
      </properties>
    </artifact>
    <artifact classifier='osgi.bundle' id='com.ibm.icu' version='4.4.2.v20110823'>
      <properties size='1'>
        <property name='download.size' value='6701200'/>
      </properties>
    </artifact>
    <artifact classifier='osgi.bundle' id='org.eclipse.equinox.util' version='1.0.400.v20120917-192807'>
      <properties size='1'>
        <property name='download.size' value='78026'/>
      </properties>
    </artifact>
    <artifact classifier='osgi.bundle' id='org.eclipse.equinox.ds' version='1.4.1.v20120926-201320'>
      <properties size='1'>
        <property name='download.size' value='194017'/>
      </properties>
    </artifact>
    <artifact classifier='osgi.bundle' id='org.eclipse.e4.core.contexts' version='1.2.0.v20121221-192508'>
      <properties size='1'>
        <property name='download.size' value='48057'/>
      </properties>
    </artifact>
    <artifact classifier='osgi.bundle' id='org.eclipse.osgi.services' version='3.3.100.v20120522-1822'>
      <properties size='1'>
        <property name='download.size' value='83084'/>
      </properties>
    </artifact>
    <artifact classifier='osgi.bundle' id='br.ufpe.cin.reviewer.persistence' version='0.1.0'>
      <properties size='1'>
        <property name='download.size' value='1369801'/>
      </properties>
    </artifact>
    <artifact classifier='osgi.bundle' id='br.ufpe.cin.reviewer.searchprovider.engineeringvillage' version='0.1.0'>
      <properties size='1'>
        <property name='download.size' value='9561500'/>
      </properties>
    </artifact>
    <artifact classifier='osgi.bundle' id='br.ufpe.cin.reviewer.searchprovider.spi' version='0.1.0'>
      <properties size='1'>
        <property name='download.size' value='5915'/>
      </properties>
    </artifact>
    <artifact classifier='osgi.bundle' id='org.eclipse.emf.common' version='2.8.0.v20130125-0546'>
      <properties size='1'>
        <property name='download.size' value='214222'/>
      </properties>
    </artifact>
    <artifact classifier='osgi.bundle' id='org.apache.ant' version='1.8.3.v201301120609'>
      <properties size='1'>
        <property name='download.size' value='2359356'/>
      </properties>
      <repositoryProperties size='1'>
        <property name='artifact.folder' value='true'/>
      </repositoryProperties>
    </artifact>
    <artifact classifier='osgi.bundle' id='org.eclipse.core.databinding.observable' version='1.4.1.v20120521-2329'>
      <properties size='1'>
        <property name='download.size' value='297401'/>
      </properties>
    </artifact>
    <artifact classifier='osgi.bundle' id='org.eclipse.equinox.preferences' version='3.5.1.v20121031-182809'>
      <properties size='1'>
        <property name='download.size' value='126754'/>
      </properties>
    </artifact>
    <artifact classifier='osgi.bundle' id='org.eclipse.e4.core.di.extensions' version='0.11.100.v20121024-182359'>
      <properties size='1'>
        <property name='download.size' value='23505'/>
      </properties>
    </artifact>
    <artifact classifier='osgi.bundle' id='javax.servlet' version='3.0.0.v201112011016'>
      <properties size='1'>
        <property name='download.size' value='201594'/>
      </properties>
    </artifact>
    <artifact classifier='osgi.bundle' id='org.eclipse.equinox.launcher' version='1.3.0.v20120522-1813'>
      <properties size='1'>
        <property name='download.size' value='49282'/>
      </properties>
    </artifact>
    <artifact classifier='osgi.bundle' id='javax.xml' version='1.3.4.v201005080400'>
      <properties size='1'>
        <property name='download.size' value='237996'/>
      </properties>
    </artifact>
    <artifact classifier='osgi.bundle' id='org.eclipse.core.jobs' version='3.5.300.v20120912-155018'>
      <properties size='1'>
        <property name='download.size' value='92510'/>
      </properties>
    </artifact>
    <artifact classifier='osgi.bundle' id='org.eclipse.swt' version='3.100.1.v4236b'>
      <properties size='1'>
        <property name='download.size' value='18539'/>
      </properties>
    </artifact>
    <artifact classifier='osgi.bundle' id='br.ufpe.cin.reviewer.ui.rcp' version='0.1.0'>
      <properties size='1'>
        <property name='download.size' value='354135'/>
      </properties>
    </artifact>
    <artifact classifier='osgi.bundle' id='org.w3c.dom.smil' version='1.0.0.v200806040011'>
      <properties size='1'>
        <property name='download.size' value='15995'/>
      </properties>
    </artifact>
    <artifact classifier='osgi.bundle' id='br.ufpe.cin.reviewer.searchprovider.scopus' version='0.1.0'>
      <properties size='1'>
        <property name='download.size' value='9561403'/>
      </properties>
    </artifact>
    <artifact classifier='osgi.bundle' id='org.eclipse.core.contenttype' version='3.4.200.v20120523-2004'>
      <properties size='1'>
        <property name='download.size' value='93175'/>
      </properties>
    </artifact>
    <artifact classifier='osgi.bundle' id='org.eclipse.help' version='3.6.0.v20120912-134126'>
      <properties size='1'>
        <property name='download.size' value='258851'/>
      </properties>
    </artifact>
    <artifact classifier='osgi.bundle' id='org.eclipse.persistence.jpa.jpql' version='2.0.1.v20121206-a9d0e8d'>
      <properties size='1'>
        <property name='download.size' value='1269325'/>
      </properties>
    </artifact>
    <artifact classifier='osgi.bundle' id='org.eclipse.e4.ui.bindings' version='0.10.3.v20130123-162658'>
      <properties size='1'>
        <property name='download.size' value='47645'/>
      </properties>
    </artifact>
    <artifact classifier='osgi.bundle' id='org.eclipse.e4.ui.services' version='0.10.3.v20130123-162658'>
      <properties size='1'>
        <property name='download.size' value='24829'/>
      </properties>
    </artifact>
    <artifact classifier='osgi.bundle' id='javax.inject' version='1.0.0.v20091030'>
      <properties size='1'>
        <property name='download.size' value='12288'/>
      </properties>
    </artifact>
    <artifact classifier='osgi.bundle' id='org.eclipse.ui.forms' version='3.5.200.v20120705-114351'>
      <properties size='1'>
        <property name='download.size' value='302121'/>
      </properties>
    </artifact>
    <artifact classifier='osgi.bundle' id='org.eclipse.core.resources' version='3.8.1.v20121114-124432'>
      <properties size='1'>
        <property name='download.size' value='810227'/>
      </properties>
    </artifact>
    <artifact classifier='osgi.bundle' id='org.eclipse.equinox.weaving.hook' version='1.0.200.I20130127-2000'>
      <properties size='1'>
        <property name='download.size' value='39409'/>
      </properties>
    </artifact>
    <artifact classifier='osgi.bundle' id='br.ufpe.cin.reviewer.core' version='0.1.0'>
      <properties size='1'>
        <property name='download.size' value='2600305'/>
      </properties>
    </artifact>
    <artifact classifier='osgi.bundle' id='org.eclipse.persistence.jpa' version='2.4.2.v20121206-a9d0e8d'>
      <properties size='1'>
        <property name='download.size' value='1033356'/>
      </properties>
    </artifact>
    <artifact classifier='osgi.bundle' id='org.eclipse.e4.ui.widgets' version='0.12.3.v20130123-162658'>
      <properties size='1'>
        <property name='download.size' value='14022'/>
      </properties>
    </artifact>
    <artifact classifier='osgi.bundle' id='br.ufpe.cin.reviewer.searchprovider.ieee' version='0.1.0'>
      <properties size='1'>
        <property name='download.size' value='9559739'/>
      </properties>
    </artifact>
    <artifact classifier='osgi.bundle' id='org.eclipse.core.databinding.property' version='1.4.100.v20120523-1955'>
      <properties size='1'>
        <property name='download.size' value='169204'/>
      </properties>
    </artifact>
    <artifact classifier='osgi.bundle' id='org.eclipse.jface' version='3.8.102.v20130123-162658'>
      <properties size='1'>
        <property name='download.size' value='1092496'/>
      </properties>
    </artifact>
    <artifact classifier='osgi.bundle' id='br.ufpe.cin.reviewer.searchprovider.acm' version='0.1.0'>
      <properties size='1'>
        <property name='download.size' value='9561073'/>
      </properties>
    </artifact>
    <artifact classifier='osgi.bundle' id='org.eclipse.e4.ui.workbench.addons.swt' version='0.10.3.v20130124-185622'>
      <properties size='1'>
        <property name='download.size' value='132003'/>
      </properties>
    </artifact>
    <artifact classifier='osgi.bundle' id='org.eclipse.e4.ui.workbench.renderers.swt' version='0.10.3.v20130124-170312'>
      <properties size='1'>
        <property name='download.size' value='328372'/>
      </properties>
    </artifact>
    <artifact classifier='osgi.bundle' id='org.apache.batik.util.gui' version='1.6.0.v201011041432'>
      <properties size='1'>
        <property name='download.size' value='164253'/>
      </properties>
    </artifact>
    <artifact classifier='osgi.bundle' id='br.ufpe.cin.reviewer.searchprovider.sciencedirect' version='0.1.0'>
      <properties size='1'>
        <property name='download.size' value='9560761'/>
      </properties>
    </artifact>
    <artifact classifier='osgi.bundle' id='org.eclipse.swt.win32.win32.x86_64' version='3.100.1.v4236b'>
      <properties size='1'>
        <property name='download.size' value='2703670'/>
      </properties>
    </artifact>
    <artifact classifier='osgi.bundle' id='org.eclipse.e4.ui.workbench3' version='0.12.0.v20120521-2329'>
      <properties size='1'>
        <property name='download.size' value='10070'/>
      </properties>
    </artifact>
    <artifact classifier='osgi.bundle' id='org.eclipse.equinox.launcher.win32.win32.x86_64' version='1.1.200.v20120913-144807'>
      <properties size='1'>
        <property name='download.size' value='29521'/>
      </properties>
      <repositoryProperties size='1'>
        <property name='artifact.folder' value='true'/>
      </repositoryProperties>
    </artifact>
    <artifact classifier='osgi.bundle' id='javax.persistence' version='2.0.5.v201212031355'>
      <properties size='1'>
        <property name='download.size' value='157831'/>
      </properties>
    </artifact>
    <artifact classifier='osgi.bundle' id='org.eclipse.core.filesystem.win32.x86_64' version='1.1.300.v20120522-1137'>
      <properties size='1'>
        <property name='download.size' value='29611'/>
      </properties>
    </artifact>
    <artifact classifier='osgi.bundle' id='org.eclipse.e4.ui.css.core' version='0.10.2.v20120912-132817'>
      <properties size='1'>
        <property name='download.size' value='199732'/>
      </properties>
    </artifact>
    <artifact classifier='osgi.bundle' id='org.aspectj.runtime' version='1.7.2.20130214224500'>
      <properties size='1'>
        <property name='download.size' value='112746'/>
      </properties>
      <repositoryProperties size='1'>
        <property name='artifact.folder' value='true'/>
      </repositoryProperties>
    </artifact>
    <artifact classifier='osgi.bundle' id='br.ufpe.cin.reviewer.logger' version='0.1.0'>
      <properties size='1'>
        <property name='download.size' value='2384'/>
      </properties>
    </artifact>
    <artifact classifier='osgi.bundle' id='org.eclipse.osgi' version='3.8.2.v20130124-134944'>
      <properties size='1'>
        <property name='download.size' value='1397587'/>
      </properties>
    </artifact>
    <artifact classifier='osgi.bundle' id='org.eclipse.equinox.event' version='1.2.200.v20120522-2049'>
      <properties size='1'>
        <property name='download.size' value='33750'/>
      </properties>
    </artifact>
    <artifact classifier='osgi.bundle' id='org.eclipse.emf.ecore' version='2.8.3.v20130125-0546'>
      <properties size='1'>
        <property name='download.size' value='1139504'/>
      </properties>
    </artifact>
    <artifact classifier='osgi.bundle' id='org.eclipse.core.commands' version='3.6.2.v20130123-162658'>
      <properties size='1'>
        <property name='download.size' value='108906'/>
      </properties>
    </artifact>
    <artifact classifier='osgi.bundle' id='org.eclipse.e4.ui.css.swt' version='0.10.3.v20130123-162658'>
      <properties size='1'>
        <property name='download.size' value='151122'/>
      </properties>
    </artifact>
    <artifact classifier='osgi.bundle' id='org.apache.batik.css' version='1.6.0.v201011041432'>
      <properties size='1'>
        <property name='download.size' value='265409'/>
      </properties>
    </artifact>
    <artifact classifier='osgi.bundle' id='org.eclipse.core.runtime' version='3.8.0.v20120912-155025'>
      <properties size='1'>
        <property name='download.size' value='75324'/>
      </properties>
    </artifact>
    <artifact classifier='osgi.bundle' id='org.eclipse.ant.core' version='3.2.401.v20121204-162022'>
      <properties size='1'>
        <property name='download.size' value='99275'/>
      </properties>
    </artifact>
    <artifact classifier='osgi.bundle' id='org.eclipse.persistence.core' version='2.4.2.v20121206-a9d0e8d'>
      <properties size='1'>
        <property name='download.size' value='4751542'/>
      </properties>
    </artifact>
    <artifact classifier='osgi.bundle' id='org.eclipse.jface.databinding' version='1.6.0.v20120912-132807'>
      <properties size='1'>
        <property name='download.size' value='278376'/>
      </properties>
    </artifact>
    <artifact classifier='osgi.bundle' id='org.eclipse.e4.core.di' version='1.2.0.v20121024-173149'>
      <properties size='1'>
        <property name='download.size' value='51874'/>
      </properties>
    </artifact>
    <artifact classifier='osgi.bundle' id='org.eclipse.core.runtime.compatibility.registry' version='3.5.101.v20130108-163257'>
      <properties size='1'>
        <property name='download.size' value='19333'/>
      </properties>
      <repositoryProperties size='1'>
        <property name='artifact.folder' value='true'/>
      </repositoryProperties>
    </artifact>
    <artifact classifier='osgi.bundle' id='org.eclipse.core.runtime.compatibility.auth' version='3.2.300.v20120523-2004'>
      <properties size='1'>
        <property name='download.size' value='21532'/>
      </properties>
    </artifact>
    <artifact classifier='osgi.bundle' id='org.eclipse.persistence.asm' version='3.3.1.v201206041142'>
      <properties size='1'>
        <property name='download.size' value='271202'/>
      </properties>
    </artifact>
    <artifact classifier='osgi.bundle' id='org.eclipse.core.databinding' version='1.4.1.v20120912-132807'>
      <properties size='1'>
        <property name='download.size' value='202256'/>
      </properties>
    </artifact>
    <artifact classifier='osgi.bundle' id='org.eclipse.e4.ui.model.workbench' version='0.10.1.v20120523-1955'>
      <properties size='1'>
        <property name='download.size' value='354872'/>
      </properties>
    </artifact>
    <artifact classifier='osgi.bundle' id='org.eclipse.emf.ecore.xmi' version='2.8.1.v20130125-0546'>
      <properties size='1'>
        <property name='download.size' value='222823'/>
      </properties>
    </artifact>
    <artifact classifier='osgi.bundle' id='org.eclipse.ui.workbench' version='3.104.0.v20130204-164612'>
      <properties size='1'>
        <property name='download.size' value='3808742'/>
      </properties>
    </artifact>
    <artifact classifier='osgi.bundle' id='org.eclipse.e4.ui.di' version='0.10.1.v20120523-1955'>
      <properties size='1'>
        <property name='download.size' value='14581'/>
      </properties>
    </artifact>
    <artifact classifier='osgi.bundle' id='org.apache.batik.util' version='1.6.0.v201011041432'>
      <properties size='1'>
        <property name='download.size' value='101159'/>
      </properties>
    </artifact>
    <artifact classifier='osgi.bundle' id='org.eclipse.core.filesystem' version='1.3.200.v20130115-145044'>
      <properties size='1'>
        <property name='download.size' value='57995'/>
      </properties>
    </artifact>
    <artifact classifier='osgi.bundle' id='org.eclipse.e4.core.commands' version='0.10.1.v20120523-1955'>
      <properties size='1'>
        <property name='download.size' value='18234'/>
      </properties>
    </artifact>
    <artifact classifier='osgi.bundle' id='org.eclipse.e4.ui.css.swt.theme' version='0.9.4.v20130123-162658'>
      <properties size='1'>
        <property name='download.size' value='25344'/>
      </properties>
    </artifact>
    <artifact classifier='osgi.bundle' id='org.w3c.dom.svg' version='1.1.0.v201011041433'>
      <properties size='1'>
        <property name='download.size' value='87897'/>
      </properties>
    </artifact>
    <artifact classifier='osgi.bundle' id='org.eclipse.core.variables' version='3.2.600.v20120521-2012'>
      <properties size='1'>
        <property name='download.size' value='34354'/>
      </properties>
    </artifact>
    <artifact classifier='osgi.bundle' id='org.eclipse.ui' version='3.104.0.v20121024-145224'>
      <properties size='1'>
        <property name='download.size' value='154424'/>
      </properties>
    </artifact>
    <artifact classifier='osgi.bundle' id='org.eclipse.equinox.registry' version='3.5.200.v20120522-1841'>
      <properties size='1'>
        <property name='download.size' value='184235'/>
      </properties>
    </artifact>
    <artifact classifier='osgi.bundle' id='br.ufpe.cin.reviewer.model' version='0.1.0'>
      <properties size='1'>
        <property name='download.size' value='7291'/>
      </properties>
    </artifact>
    <artifact classifier='osgi.bundle' id='org.eclipse.e4.core.services' version='1.0.0.v20120521-2346'>
      <properties size='1'>
        <property name='download.size' value='32030'/>
      </properties>
    </artifact>
    <artifact classifier='osgi.bundle' id='org.w3c.css.sac' version='1.3.1.v200903091627'>
      <properties size='1'>
        <property name='download.size' value='32952'/>
      </properties>
    </artifact>
    <artifact classifier='osgi.bundle' id='org.eclipse.e4.ui.workbench.swt' version='0.10.3.v20130124-133900'>
      <properties size='1'>
        <property name='download.size' value='170113'/>
      </properties>
    </artifact>
    <artifact classifier='osgi.bundle' id='org.eclipse.core.expressions' version='3.4.401.v20120912-155018'>
      <properties size='1'>
        <property name='download.size' value='88231'/>
      </properties>
    </artifact>
    <artifact classifier='osgi.bundle' id='org.eclipse.persistence.antlr' version='3.2.0.v201206041011'>
      <properties size='1'>
        <property name='download.size' value='189647'/>
      </properties>
    </artifact>
    <artifact classifier='osgi.bundle' id='javax.annotation' version='1.0.0.v20101115-0725'>
      <properties size='1'>
        <property name='download.size' value='17480'/>
      </properties>
    </artifact>
    <artifact classifier='osgi.bundle' id='org.eclipse.emf.ecore.change' version='2.8.0.v20130125-0546'>
      <properties size='1'>
        <property name='download.size' value='83050'/>
      </properties>
    </artifact>
  </artifacts>
</repository>
